brand_name,product_department,product_name,product_price,product_quantity,date_updated
Einstein's,Bakery,Bagel - Whole White Sesame,$4.30,97,11/1/2024
Kraft,Condiments,Sauce - Caesar Dressing,$8.05,81,12/28/2024
Bob's Red Mill,Pantry,Shiratamako - Rice Flour,$7.99,71,3/7/2024
Delish,Bakery,Tart - Raisin And Pecan,$1.06,86,1/18/2025
Kroger,Produce,Radish,$2.47,22,11/6/2024
V8,Beverages,Juice - V8 Splash,$1.25,67,1/10/2024
Kroger,Produce,Red Currants,$6.77,49,10/1/2024
Campbell's,Canned Goods,Soup - Base Broth Beef,$5.44,62,3/9/2025
Kroger,Produce,Tomatoes Tear Drop Yellow,$0.64,73,2/9/2025
